brand.name,cheap,snappy,effective,luxurious,artistic,bold,caring,creative,energetic,exciting
1,-3.365993013,14.46654717,5.322218744,29.48499097,-15.11933716,10.39796593,27.86206449,17.555546,20.644793,15.189433
2,2.898032166,-2.461065985,-0.272797539,11.75729153,1.30874327,3.522128317,-0.17611398,-8.132811,-10.261708,-6.000179
3,10.30865702,-27.73801212,7.756759889,-26.68729656,-20.56406893,-7.633093093,-22.00620217,-15.571551,-23.748642,7.534631
4,-9.584440551,15.26248964,-12.43195699,-14.39222914,33.36287339,-6.184675584,-5.581494281,6.051628,13.078831,-16.164044
