brand.name,,cheap,snappy,snappy,effective,effective,luxurious,luxurious,artistic,artistic,bold,bold,caring,caring,casual,charming,contemporary,creative,daring,elegant,energetic,exciting,festive,fresh,fun,graceful,hip
1,-0.003365993,-3.365993013,0.014466547,14.46654717,0.005322219,5.322218744,0.029484991,29.48499097,-0.015119337,-15.11933716,0.010397966,10.39796593,0.027862064,27.86206449,0.007069341,0.016861809,0.024268578,0.017555546,-0.01797334,0.013900197,0.020644793,0.015189433,-0.02022881,0.014354223,0.012885684,0.007786232,0.037076925
2,0.002898032,2.898032166,-0.002461066,-2.461065985,-0.000272798,-0.272797539,0.011757292,11.75729153,0.001308743,1.30874327,0.003522128,3.522128317,-0.000176114,-0.17611398,0.012326375,0.001000558,-0.029263708,-0.008132811,-0.008077717,0.017096427,-0.010261708,-0.006000179,0.032294268,-0.026850857,-0.010288619,0.011502606,-0.012582459
3,0.010308657,10.30865702,-0.027738012,-27.73801212,0.00775676,7.756759889,-0.026687297,-26.68729656,-0.020564069,-20.56406893,-0.007633093,-7.633093093,-0.022006202,-22.00620217,-0.018960833,-0.018630164,-0.007004449,-0.015571551,0.019744319,-0.003830267,-0.023748642,0.007534631,-0.004812226,-0.017087466,0.005959529,0.003319413,0.001562694
4,-0.009584441,-9.584440551,0.01526249,15.26248964,-0.012431957,-12.43195699,-0.014392229,-14.39222914,0.033362873,33.36287339,-0.006184676,-6.184675584,-0.005581494,-5.581494281,-0.000644648,0.000682851,0.012058207,0.006051628,0.00629952,-0.026671728,0.013078831,-0.016164044,-0.007515169,0.029102188,-0.008164581,-0.022141381,-0.025167515
